Gene,Pepide,Theoretical Mass Shift,Modification,data (PSMs),Cluster
MBP,LGGRDSRSGSPMAR,79.966331,Phosphorylation,2926,LB+NL+
EIF5A,KYEDICPSTHNMDVPNIK,14.999666,Deamidation followed by a methylation,141,LB+NL+
GFAP,TQYEAMASSNMHEAEEWYR,87.032028,glycidamide adduct/Addition of S,110,LB+NL+
NCAM1,EGEDAVIVCDVVSSLPPTIIWK,15.994915,Oxidation or Hydroxylation,11247,LB+NL+
AQP1,VWTSGQVEEYDLDADDINSRVEMKPK,15.994915,Oxidation or Hydroxylation,11247,LB+NL+
GFAP,TQYEAMASSNMHEAEEWYR,414.193691,"Biotinyl-iodoacetamidyl-3,6-dioxaoctanediamine",69,LB+NL+
NRGN,DCCTENACSKPDDDILDIPLDDPGANAAAAK,190.074228,Monobromobimane derivative,43,LB+NL+
MYH10,QRYEILTPNAIPK,-17.026549,Pyro-glu from Q/Loss of ammonia,27533,LB+NL+
ALB,RMPCAEDYLSVVLNQLCVLHEK,-99.0684127807617,Deletion of V,340,LB+NL+
UBA1,LAYVAAGDLAPINAFIGGLAAQEVMK,128.094963,Addition of lysine due to transpeptidation/Addition of K,2166,LB+NL+
HBA1,VGAHAGEYGAEALER,128.094963,Addition of lysine due to transpeptidation/Addition of K,2166,LB+NL+
TUBB4A,ISEQFTAMFR,156.101111,Addition of arginine due to transpeptidation/Addition of R,2033,LB+NL+
HBA1,TYFPHFDLSHGSAQVK,31.972071,persulfide,276,LB+NL+
ACTG1,DSYVGDEAQSKR,37.946941,Replacement of 2 protons by calcium,2219,LB+NL+
STX1B,AIEQSIEQEEGLNR,-2.9562,Unannotated mass-shift -2.9562,146,LB+NL+
DPYSL2,MVIPGGIDVHTR,14.999666,Deamidation followed by a methylation,141,LB+NL+
STXBP1,LIQHAQIPPEDSEIITNMAHLGVPIVTDSTLR,5.8812,Unannotated mass-shift 5.8812,92,LB+NL+
ME3,NKYCMFNDDIQGTASVAVAGILAALR,16.028204,Deuterium Methylation of Lysine,225,LB+NL+
ATP1A2,EYSPAATTAENGGGK,14.96328,alpha-amino adipic acid,339,LB+NL+
SYN1,QGPPQKPPGPAGPTR,3.994915,tryptophan oxidation to kynurenin,4383,LB+NL+
PSMD1,VSTAVLSITAK,15.994915,Oxidation or Hydroxylation,11247,LB+NL+
HINT1,MVVNEGSDGGQSVYHVHLHVLGGR,15.994915,Oxidation or Hydroxylation,11247,LB+NL+
PPP3CA,GCSYFYSYPAVCEFLQHNNLLSILR,52.911464,Replacement of 3 protons by iron,22633,LB+NL+
PPP3CA,GCSYFYSYPAVCEFLQHNNLLSILR,14.999666,Deamidation followed by a methylation,141,LB+NL+
RAB39A,SPACDPTVGVDFFSR,114.079307556152,Addition of O,60,LB+NL+
PYGM,QPDLFKDIVNMLMHHDR,-17.026549,Pyro-glu from Q/Loss of ammonia,27533,LB+NL+
PEPD,YAVDDVQYVDEIASVLTSQKPSVLLTLR,-2.01565,2-amino-3-oxo-butanoic_acid,790,LB+NL+
SPTBN1,DGLNEAWADLLELIDTR,21.981943,Sodium adduct,5611,LB+NL+
GPI,FNHFSLTLNTNHGHILVDYSK,156.101111,Addition of arginine due to transpeptidation/Addition of R,2033,LB+NL+
PAFAH1B3,DKEPEVVFIGDSLVQLMHQCEIWR,-3.994915,Pyro-Glu from E + Methylation,218,LB+NL+
GNAO1,NLKEDGISAAKDVK,-4.0128,Unannotated mass-shift -4.0128,692,LB+NL+
BASP1,AEPPKAPEQEQAAPGPAAGGEAPK,29.974179,quinone,29,LB+NL+
COL1A2,GPPGAAGAPGPQGFQGPAGEPGEPGQTGPAGAR,63.979659,Tryptophan oxidation to dihydroxy-N-formaylkynurenine,184,LB+NL+
CKMT1A,TVGMVAGDEETYEVFADLFDPVIQER,52.911464,Replacement of 3 protons by iron,22633,LB+NL+
ACTC1,YPIEHGIITNWDDMEK,14.01565,Methylation,3030,LB+NL+
GFAP,ALAAELNQLR,-17.026549,Pyro-glu from Q/Loss of ammonia,27533,LB+NL+
GFAP,AEMMELNDR,52.911464,Replacement of 3 protons by iron,22633,LB+NL+
BSN,HSDSGSDSKHDATASSSSAAATVR,203.079373,N-Acetylhexosamine,359,LB+NL+
HBA1,MVLSPADKTNVK,30.010565,hydroxymethyl/formaldehyde induced modifications,612,LB+NL+
GFAP,DNLAQDLATVRQKLQDETNLR,12,formaldehyde adduct,224,LB+NL+
GOT2,EGSTHNWQHITDQIGMFCFTGLKPEQVER,14.999666,Deamidation followed by a methylation,141,LB+NL+
CSNK2B,SSSEEVSWISWFCGLR,42.010565,Acetylation,2002,LB+NL+
GFAP,HLQEYQDLLNVK,13.979265,proline oxidation to pyroglutamic acid/Tryptophan oxidation to oxolactone/aldehyde and ketone modifications,4409,LB+NL+
HBA1,VADALTNAVAHVDDMPNALSALSDLHAHKLR,42.010565,Acetylation,2002,LB+NL+
COL1A1,GEPGPPGPAGAAGPAGNPGADGQPGAK,63.979659,Tryptophan oxidation to dihydroxy-N-formaylkynurenine,184,LB+NL+
MYH10,NTDQASMPENTVAQK,15.994915,Oxidation or Hydroxylation,11247,LB+NL+
COL3A1,SGDRGESGPAGPAGAPGPAGSR,31.989829,dihydroxy,5837,LB+NL+
GFAP,MPPPLPTRVDFSLAGALNAGFK,156.078644,Water-quenched monolink of DSS/BS3 crosslinker,44,LB+NL+
COL1A1,GEPGSPGENGAPGQMGPR,47.984744,cysteine oxidation to cysteic acid,817,LB+NL+
COL1A1,GETGPAGPTGPVGPVGAR,-15.010899,lactic acid from N-term Ser/ISD (z+2)-series,1728,LB+NL+
COL1A2,GEVGLPGLSGPVGPPGNPGANGLTGAK,47.984744,cysteine oxidation to cysteic acid,817,LB+NL+
COL1A2,GLVGEPGPAGSKGESGNKGEPGSAGPQGPPGPSGEEGK,63.979659,Tryptophan oxidation to dihydroxy-N-formaylkynurenine,184,LB+NL+
COL1A2,GLPGLKGHNGLQGLPGIAGHHGDQGAPGSVGPAGPR,63.979659,Tryptophan oxidation to dihydroxy-N-formaylkynurenine,184,LB+NL+
MAPK8IP3,STIWQFFSRLFSSSSSPPPAK,45.029395,"Acetate labeling reagent (N-term &amp; K) (heavy form, +3amu)",53,LB+NL+
COL4A1,KFSTMPFLFCNINNVCNFASR,15.994915,Oxidation or Hydroxylation,11247,LB+NL+
COL5A2,GPEGPPGKPGEDGEPGR,31.972071,persulfide,276,LB+NL+
ATP2B3,SADKDPMLLSGTHVMEGSGR,128.094963,Addition of lysine due to transpeptidation/Addition of K,2166,LB+NL+
NEFM,LTEAAEQNKEAIR,-2.01565,2-amino-3-oxo-butanoic_acid,790,LB+NL+
NDUFS8,TLLWTELFR,72.021129,carboxyethyl/Dihydroxy methylglyoxal adduct/Ethoxyformylation,429,LB+NL+
SLC25A12,DVEVTKEEFAQSAIR,-3.994915,Pyro-Glu from E + Methylation,218,LB+NL+
TPI1,TATPQQAQEVHEK,71.037114,Acrylamide adduct/Addition of A,592,LB+NL+
ATP5A1,EIVTNFLAGFEA,43.005814,Carbamylation,16105,LB+NL+
NDUFV1,GPDWILGEIK,72.021129,carboxyethyl/Dihydroxy methylglyoxal adduct/Ethoxyformylation,429,LB+NL+
PPP1R12C,AEAPDGQGPGPQAAR,-71.037109375,Deletion of A,241,LB+NL+
PGK1,VNEMIIGGGMAFTFLK,15.994915,Oxidation or Hydroxylation,11247,LB+NL+
COPS2,QMDLLQEFYETTLEALKDAK,-17.026549,Pyro-glu from Q/Loss of ammonia,27533,LB-NL-
ATP1A1,SPDFTNENPLETR,-2.9562,Unannotated mass-shift -2.9562,146,LB-NL-
FSCN1,YLAADKDGNVTCER,29.974179,quinone,29,LB-NL-
MTX1,QGADTLAFMSLLEEK,-17.026549,Pyro-glu from Q/Loss of ammonia,27533,LB-NL-
ERCC6,GGGGGRK,-116.9746,Unannotated mass-shift -116.9746,27,LB-NL-
SNAP91,SSPATTVTSPNSTPAK,203.079373,N-Acetylhexosamine,359,LB-NL-
TUBB3,LATPTYGDLNHLVSATMSGVTTSLRFPGQLNADLR,52.911464,Replacement of 3 protons by iron,22633,LB-NL-
PDE8A,KADLLDTINSCIRIGK,40.0313,Propionaldehyde +40,150,LB-NL-
DCTN2,ENLATVEGNFASIDER,52.911464,Replacement of 3 protons by iron,22633,LB-NL-
SLC1A3,PYQLIAQDNETEKPIDSETK,128.058578491211,Addition of Q,112,LB-NL-
MBP,HRDTGILDSIGRFFGGDR,30.010565,hydroxymethyl/formaldehyde induced modifications,612,LB-NL-
MBP,HRDTGILDSIGRFFGGDR,29.974179,quinone,29,LB-NL-
ORM1,EQLGEFYEALDCLR,-2.9562,Unannotated mass-shift -2.9562,146,LB-NL-
MBP,DTGILDSIGRFFGGDRGAPK,31.972071,persulfide,276,LB-NL-
RANBP6,AATASAGVPATVSEK,42.010565,Acetylation,2002,LB-NL-
DPP6,AQAAAPRERGGGGGGAGGR,-18.010565,Dehydration/Pyro-glu from E,2401,LB-NL-
NDUFS8,TLLWTELFR,3.994915,tryptophan oxidation to kynurenin,4383,LB-NL-
ACTG1,DLYANTVLSGGTTMYPGIADR,21.981943,Sodium adduct,5611,LB-NL-
GOT2,ILIRPMYSNPPLNGAR,-17.026549,Pyro-glu from Q/Loss of ammonia,27533,LB-NL-
AGAP1,DAHGNTALAYAR,55.919696,Replacement of 2 protons by nickel,448,LB-NL-
EPHX1,DVELLYPVKEK,440.1146,Unannotated mass-shift 440.1146,167,LB-NL-
CAMK2B,ATTVTCTR,42.010565,Acetylation,2002,LB-NL-
OPA1,MVLVDLPGVINTVTSGMAPDTK,15.994915,Oxidation or Hydroxylation,11247,LB-NL-
CANX,KPEDWDERPK,-2.9562,Unannotated mass-shift -2.9562,146,LB-NL-
TCP1,MEGPLSVFGDR,42.010565,Acetylation,2002,LB-NL-
PTPLAD1,QVNITVQK,-17.026549,Pyro-glu from Q/Loss of ammonia,27533,LB-NL-
DKK3,SAVEEMEAEEAAAK,16.075,Unannotated mass-shift 16.0750,57,LB-NL-
PTPRN2,GLSGLELDGMAELMAGLMQGVDHGVAR,26.01565,Acetaldehyde +26,220,LB-NL-
CASKIN1,SGSISGMAGGRGSGGHALHAGSEGVK,28.0313,di-Methylation/Acetaldehyde +28/Ethylation,1824,LB-NL-
ATP8A1,QGLPATSDIK,-17.026549,Pyro-glu from Q/Loss of ammonia,27533,LB-NL-
SLC25A3,QIPYTMMK,-17.026549,Pyro-glu from Q/Loss of ammonia,27533,LB-NL-
HSPA1A,MVQEAEKYKAEDEVQR,29.974179,quinone,29,LB-NL-
SCG2,IESQTQEEVRDSKENIEK,79.966331,Phosphorylation,2926,LB-NL-
MDH1,DLDVAILVGSMPR,21.981943,Sodium adduct,5611,LB-NL-
TUBA1A,AFVHWYVGEGMEEGEFSEAR,125.896648,Iodination,731,LB-NL-
ATG3,TDAGGEDAILQTR,42.5826,Unannotated mass-shift 42.5826,29,LB-NL-
TUBA1A,QLFHPEQLITGKEDAANNYAR,42.010565,Acetylation,2002,LB-NL-
SKP1,TMLEDLGMDDEGDDDPVPLPNVNAAILK,16.028204,Deuterium Methylation of Lysine,225,LB-NL-
HSPA1L,NQVAMNPQNTVFDAKR,29.015316,deamidation followed by esterification with ethanol,311,LB-NL-
SLC25A27,ILAEGGIR,-71.037109375,Deletion of A,241,LB-NL-
PLIN3,QLQGPEKEPPKPEQVESR,-17.026549,Pyro-glu from Q/Loss of ammonia,27533,LB-NL-
SPTBN1,QAEAFLNNQEYVLAHTEMPTTLEGAEAAIK,-18.010565,Dehydration/Pyro-glu from E,2401,LB-NL-
GPD2,LAFLNVQAAEEALPR,-2.01565,2-amino-3-oxo-butanoic_acid,790,LB-NL-
PGK1,ACANPAAGSVILLENLR,53.971735,trifluoroleucine replacement of leucine,191,LB-NL-
TUBA3E,LIGQIVSSITASLR,87.032028,glycidamide adduct/Addition of S,110,LB-NL-
PLEC,EQELQQTLQQEQSVLDQLR,-29.992806,Homoserine,153,LB-NL-
SPTAN1,AALLELWELR,43.005814,Carbamylation,16105,LB-NL-
S100A1,GSELETAMETLINVFHAHSGK,41.026549,amidination of lysines or N-terminal amines with methyl acetimidate,27147,LB-NL-
UQCRFS1,MLSVASR,42.010565,Acetylation,2002,LB-NL-
DYNC1H1,PVSSQLR,42.010565,Acetylation,2002,LB-NL-
STXBP1,MTDIMTEGITIVEDINKR,190.074228,Monobromobimane derivative,43,LB-NL-
HSPA1A,IINEPTAAAIAYGLDR,52.911464,Replacement of 3 protons by iron,22633,LB-NL-
NEFM,MALDIEIAAYR,14.01565,Methylation,3030,LB-NL-
MT3,DPETCPCPSGGSCTCADSCK,190.074228,Monobromobimane derivative,43,LB-NL-
ALDOC,GVVPLAGTDGETTTQGLDGLSER,56.0626,"Diethylation, analogous to Dimethylation",128,LB-NL-
GNAZ,AYDAVQLFALTGPAESK,-4.0128,Unannotated mass-shift -4.0128,692,LB-NL-
FAM49B,VLKDQPPNSVEGLLNALR,52.911464,Replacement of 3 protons by iron,22633,LB-NL-
RAB10,AFLTLAEDILRK,43.005814,Carbamylation,16105,LB-NL-
ABAT,MLDLYSQISSVPIGYSHPALLK,43.005814,Carbamylation,16105,LB-NL-
CCT7,INALTAASEAACLIVSVDETIKNPR,43.005814,Carbamylation,16105,LB-NL-
CFL1,KEDLVFIFWAPESAPLK,43.005814,Carbamylation,16105,LB-NL-
EPB41L1,GQVLFDLVCEHLNLLEK,43.005814,Carbamylation,16105,LB-NL-
GDI2,FVSISDLLVPK,43.005814,Carbamylation,16105,LB-NL-
DLAT,VVDGAVGAQWLAEFR,52.911464,Replacement of 3 protons by iron,22633,LB-NL+
CHDH,SANPQDHPVIQPNYLSTETDIEDFR,-2.01565,2-amino-3-oxo-butanoic_acid,790,LB-NL+
CKM,SMTEKEQQQLIDDHFLFDKPVSPLLLASGMAR,14.999666,Deamidation followed by a methylation,141,LB-NL+
GAA,AVPTQCDVPPNSR,-71.037109375,Deletion of A,241,LB-NL+
RAB3C,MRHEAPMQMASAQDAR,31.972071,persulfide,276,LB-NL+
HBB,LLGNVLVCVLAHHFGK,-18.010565,Dehydration/Pyro-glu from E,2401,LB-NL+
MAP1B,TPDTSTYCYETAEK,31.989829,dihydroxy,5837,LB-NL+
ASAH1,LTVYTTLIDVTK,-3.1158,Unannotated mass-shift -3.1158,176,LB-NL+
PLEC,RKQEELQQLEQQR,156.101111,Addition of arginine due to transpeptidation/Addition of R,2033,LB-NL+
PRDX2,EGGLGPLNIPLLADVTR,21.981943,Sodium adduct,5611,LB-NL+
MAP1B,ATVVVEATEPEPSGSIANPAASTSPSLSHR,42.04695,tri-Methylation/Propyl,876,LB-NL+
AMER2,EEPRGGGDSGGGGGGRPNPGPPR,128.094963,Addition of lysine due to transpeptidation/Addition of K,2166,LB-NL+
SYPL1,MSGFQINLNPLKEPLGFIK,-89.02992,"Removal of initiator methionine from protein N-terminus, then acetylation of the new N-terminus",407,LB-NL+
NEFL,LSFTSVGSITSGYSQSSQVFGR,-2.01565,2-amino-3-oxo-butanoic_acid,790,LB-NL+
MBP,TQDENPVVHFFK,446.3386,Unannotated mass-shift 446.3386,112,LB-NL+
CNP,APGAEEYAQQDVLKK,13.979265,proline oxidation to pyroglutamic acid/Tryptophan oxidation to oxolactone/aldehyde and ketone modifications,4409,LB-NL+
CNTN1,VQVTSQEYSAR,13.979265,proline oxidation to pyroglutamic acid/Tryptophan oxidation to oxolactone/aldehyde and ketone modifications,4409,LB-NL+
MYO1D,QHTEQEASYGR,-17.026549,Pyro-glu from Q/Loss of ammonia,27533,LB-NL+
PGAM1,HLEGLSEEAIMELNLPTGIPIVYELDK,16.028204,Deuterium Methylation of Lysine,225,LB-NL+
ACTR3,TLTGTVIDSGDGVTHVIPVAEGYVIGSCIK,12.0364,Unannotated mass-shift 12.0364,435,LB-NL+
ENO2,FTANVGIQIVGDDLTVTNPK,52.911464,Replacement of 3 protons by iron,22633,LB-NL+
ABAT,GMSQLITMACGSCSNENALK,15.994915,Oxidation or Hydroxylation,11247,LB-NL+
ATP5C1,PPTFGDASVIALELLNSGYEFDEGSIIFNKFR,127.9794,Unannotated mass-shift 127.9794,107,LB-NL+
IDH3G,HTVTMIPGDGIGPELMLHVK,-8.0822,Unannotated mass-shift -8.0822,41,LB-NL+
MAP1B,ESSPLYSPTFSDSTSAVK,79.966331,Phosphorylation,2926,LB-NL+
FGA,QFTSSTSYNRGDSTFESK,-17.026549,Pyro-glu from Q/Loss of ammonia,27533,LB-NL+
HSP90AA1,RAPFDLFENR,128.094963,Addition of lysine due to transpeptidation/Addition of K,2166,LB-NL+
VIM,QVDQLTNDKAR,-17.026549,Pyro-glu from Q/Loss of ammonia,27533,LB-NL+
GLUD1,IIAEGANGPTTPEADKIFLER,52.911464,Replacement of 3 protons by iron,22633,LB-NL+
CKM,SMTEKEQQQLIDDHFLFDKPVSPLLLASGMAR,43.005814,Carbamylation,16105,LB-NL+
AQP4,GSYMEVEDNR,52.911464,Replacement of 3 protons by iron,22633,LB-NL+
GAPDH,LVINGNPITIFQERDPSK,500.2234,Unannotated mass-shift 500.2234,104,LB-NL+
WDR90,TLKGAVYR,14.999666,Deamidation followed by a methylation,141,LB-NL+
CRYAB,TIPITREEKPAVTAAPK,128.094963,Addition of lysine due to transpeptidation/Addition of K,2166,LB-NL+
EEF1A1,IGYNPDTVAFVPISGWNGDNMLEPSANMPWFK,128.094963,Addition of lysine due to transpeptidation/Addition of K,2166,LB-NL+
RDH13,APAPEAEDEEVAR,254.1566,Unannotated mass-shift 254.1566,67,LB-NL+
PHGDH,TQTSDPAMLPTMIGLLAEAGVR,37.946941,Replacement of 2 protons by calcium,2219,LB-NL+
PRDX6,LIALSIDSVEDHLAWSK,15.994915,Oxidation or Hydroxylation,11247,LB-NL+
DPYSL2,FQMPDQGMTSADDFFQGTK,21.981943,Sodium adduct,5611,LB-NL+
NEFL,SAYSSYSAPVSSSLSVR,31.989829,dihydroxy,5837,LB-NL+
NHEJ1,LTAPPAAFLCHLDNLLRPLLK,-8.0822,Unannotated mass-shift -8.0822,41,LB-NL+
RPL14,KAPGTKGTAAAAAAAAAAK,214.01,Unannotated mass-shift 214.0100,29,LB-NL+
NDUFS1,GNDMQVGTYIEK,14.96328,alpha-amino adipic acid,339,LB-NL+
NCLN,INLAEDVLAWEHER,-3.994915,Pyro-Glu from E + Methylation,218,LB-NL+
ACTN4,LASDLLEWIR,3.994915,tryptophan oxidation to kynurenin,4383,LB-NL+
GNAI2,WFTDTSIILFLNKK,3.994915,tryptophan oxidation to kynurenin,4383,LB-NL+
HSP90AB1,HLEINPDHPIVETLRQK,-128.058578491211,Deletion of Q,276,LB-NL+
GFAP,IESLEEEIR,128.094963,Addition of lysine due to transpeptidation/Addition of K,2166,LB-NL+
ABAT,AIHKIDIPSFDWPIAPFPR,-2.01565,2-amino-3-oxo-butanoic_acid,790,LB-NL+
